{
  "packageId": "com.aitravelglobe.app",
  "name": "AITravelglobe",
  "launcherName": "AITravelglobe",
  "appVersion": "1.0.0",
  "appVersionCode": 1,
  "display": "standalone",
  "host": "travel-planner-pro-1.preview.emergentagent.com",
  "startUrl": "/",
  "webManifestUrl": "https://globetrotter-app-6.preview.emergentagent.com/manifest.json",
  "themeColor": "#d4a853",
  "backgroundColor": "#ffffff",
  "navigationColor": "#ffffff",
  "navigationColorDark": "#0a0a0f",
  "navigationDividerColor": "#ffffff",
  "navigationDividerColorDark": "#0a0a0f",
  "iconUrl": "https://globetrotter-app-6.preview.emergentagent.com/icons/icon-512x512.png",
  "maskableIconUrl": "https://globetrotter-app-6.preview.emergentagent.com/icons/icon-512x512.png",
  "monochromeIconUrl": "https://globetrotter-app-6.preview.emergentagent.com/icons/icon-512x512.png",
  "splashScreenFadeOutDuration": 300,
  "enableNotifications": true,
  "shortcuts": [],
  "signingMode": "new",
  "signing": {
    "file": null,
    "alias": "aitravelglobe-key",
    "fullName": "AITravelglobe Dev",
    "organization": "AITravelglobe",
    "organizationalUnit": "Development",
    "countryCode": "US"
  },
  "fallbackType": "customtabs"
}
